{
    "4310052230": "KALPHA_C98FR_BY_SPIDEERIO_GAMING_IQCYM",
    "4310052220": "KALPHA_3G5HD_BY_SPIDEERIO_GAMING_EF1DG",
    "4310052225": "KALPHA_AIZHF_BY_SPIDEERIO_GAMING_G3OTQ",
    "4310052229": "KALPHA_MEZVI_BY_SPIDEERIO_GAMING_66P1J",
    "4310052232": "KALPHA_JIOYY_BY_SPIDEERIO_GAMING_RCZF8",
    "4310052226": "KALPHA_2LY93_BY_SPIDEERIO_GAMING_9R3IN",
    "4310052228": "KALPHA_QR724_BY_SPIDEERIO_GAMING_2HB2S",
    "4310052224": "KALPHA_N61E6_BY_SPIDEERIO_GAMING_YSX61",
    "4310052233": "KALPHA_U5GOD_BY_SPIDEERIO_GAMING_R3709",
    "4310052231": "KALPHA_8L5R9_BY_SPIDEERIO_GAMING_HTVDO",
    "4310052353": "KALPHA_ZBHZZ_BY_SPIDEERIO_GAMING_7MDK8",
    "4310052354": "KALPHA_3FVTU_BY_SPIDEERIO_GAMING_B1K5E",
    "4310052372": "KALPHA_2ISQI_BY_SPIDEERIO_GAMING_KIU0W",
    "4310052357": "KALPHA_DZUX9_BY_SPIDEERIO_GAMING_HOLSL",
    "4310052362": "KALPHA_YOIG6_BY_SPIDEERIO_GAMING_4JNM0",
    "4310052350": "KALPHA_ZWEO9_BY_SPIDEERIO_GAMING_B45NK",
    "4310052382": "KALPHA_QXLPS_BY_SPIDEERIO_GAMING_V8MHN",
    "4310052366": "KALPHA_S5JH5_BY_SPIDEERIO_GAMING_G1CGW",
    "4310052368": "KALPHA_BX5N0_BY_SPIDEERIO_GAMING_W95S4",
    "4310052387": "KALPHA_V8US9_BY_SPIDEERIO_GAMING_C808I",
    "4310052495": "KALPHA_ASXLV_BY_SPIDEERIO_GAMING_JEHOW",
    "4310052513": "KALPHA_FT86L_BY_SPIDEERIO_GAMING_M1KD3",
    "4310052503": "KALPHA_S5H2D_BY_SPIDEERIO_GAMING_SR851",
    "4310052502": "KALPHA_6RBBI_BY_SPIDEERIO_GAMING_B3XDK",
    "4310052544": "KALPHA_5RH7U_BY_SPIDEERIO_GAMING_OWJU4",
    "4310052554": "KALPHA_T5TZH_BY_SPIDEERIO_GAMING_HTVW2",
    "4310052548": "KALPHA_Y3JSI_BY_SPIDEERIO_GAMING_EIKPY",
    "4310052556": "KALPHA_UHM8X_BY_SPIDEERIO_GAMING_8A5A2",
    "4310052565": "KALPHA_XE57X_BY_SPIDEERIO_GAMING_SQO88",
    "4310052596": "KALPHA_DUTO2_BY_SPIDEERIO_GAMING_SBOD9",
    "4310052634": "KALPHA_UBY8L_BY_SPIDEERIO_GAMING_TNS3B",
    "4310052656": "KALPHA_A8YD2_BY_SPIDEERIO_GAMING_ZDR5V",
    "4310052629": "KALPHA_BSBJG_BY_SPIDEERIO_GAMING_3737N",
    "4310052684": "KALPHA_WVSX6_BY_SPIDEERIO_GAMING_GFJHK",
    "4295279997": "KALPHA_BWW1D_BY_SPIDEERIO_GAMING_U95S4"
}